{"cameraMode":{"drawMode":0,"name":"Shaded","section":"Shading Mode"},"sceneLighting":true,"audioPlay":false,"sceneViewState":{"showFog":false,"showMaterialUpdate":false,"showSkybox":false,"showFlares":false,"showImageEffects":false,"showParticleSystems":false},"in2DMode":false,"pivot":{"x":-0.9770097732543945,"y":8.205367088317871,"z":11.315828323364258},"rotation":{"x":0.13900265097618104,"y":-0.07034426182508469,"z":0.009899399243295193,"w":0.9877408742904663},"size":10.870100021362305,"orthographic":false}